{
  "project_info": {
    "project_number": "900768133836",
    "project_id": "dam-test-a8955",
    "storage_bucket": "dam-test-a8955.firebasestorage.app"
  },
  "client": [
    {
      "client_info": {
        "mobilesdk_app_id": "1:900768133836:android:8516fae2c6788761e20869",
        "android_client_info": {
          "package_name": "eu.ase.ro.damapp"
        }
      },
      "oauth_client": [],
      "api_key": [
        {
          "current_key": "AIzaSyCcQvvxdi429ppb_ZPjMXybCmbza5Qqk2g"
        }
      ],
      "services": {
        "appinvite_service": {
          "other_platform_oauth_client": []
        }
      }
    }
  ],
  "configuration_version": "1"
}