{
  "project_info": {
    "project_number": "39879962342",
    "project_id": "test-d3001",
    "storage_bucket": "test-d3001.appspot.com"
  },
  "client": [
    {
      "client_info": {
        "mobilesdk_app_id": "1:39879962342:android:9af2eb65fbfa3c63f99527",
        "android_client_info": {
          "package_name": "eu.ase.ro.damapp"
        }
      },
      "oauth_client": [],
      "api_key": [
        {
          "current_key": "AIzaSyCKi6M2TBtCTMpS5O5hJooh7KQ96cHC6K4"
        }
      ],
      "services": {
        "appinvite_service": {
          "other_platform_oauth_client": []
        }
      }
    }
  ],
  "configuration_version": "1"
}