{
  "project_info": {
    "project_number": "169515363362",
    "project_id": "dam-app-test2-58729",
    "storage_bucket": "dam-app-test2-58729.appspot.com"
  },
  "client": [
    {
      "client_info": {
        "mobilesdk_app_id": "1:169515363362:android:72db9336ab2cc254872e7b",
        "android_client_info": {
          "package_name": "eu.ase.ro.damappfirebase"
        }
      },
      "oauth_client": [
        {
          "client_id": "169515363362-f90n201lfm2h4q31vu8p2dkht46he6ui.apps.googleusercontent.com",
          "client_type": 3
        }
      ],
      "api_key": [
        {
          "current_key": "AIzaSyCbIQjcohg1svnlx8lCec3gEX5d7Xu3W40"
        }
      ],
      "services": {
        "appinvite_service": {
          "other_platform_oauth_client": [
            {
              "client_id": "169515363362-f90n201lfm2h4q31vu8p2dkht46he6ui.apps.googleusercontent.com",
              "client_type": 3
            }
          ]
        }
      }
    }
  ],
  "configuration_version": "1"
}