{
  "project_info": {
    "project_number": "1070731654761",
    "firebase_url": "https://dam-app-test-default-rtdb.firebaseio.com",
    "project_id": "dam-app-test",
    "storage_bucket": "dam-app-test.appspot.com"
  },
  "client": [
    {
      "client_info": {
        "mobilesdk_app_id": "1:1070731654761:android:c4ad7bea0f9a1494c654f8",
        "android_client_info": {
          "package_name": "eu.ase.ro.seminar11"
        }
      },
      "oauth_client": [
        {
          "client_id": "1070731654761-ecbvr1q8056mem1oh8ndujqkvv9bbvj2.apps.googleusercontent.com",
          "client_type": 3
        }
      ],
      "api_key": [
        {
          "current_key": "AIzaSyBASE3DcnXgh8Ia060XH_n3BSZJ0x9JhX4"
        }
      ],
      "services": {
        "appinvite_service": {
          "other_platform_oauth_client": [
            {
              "client_id": "1070731654761-ecbvr1q8056mem1oh8ndujqkvv9bbvj2.apps.googleusercontent.com",
              "client_type": 3
            }
          ]
        }
      }
    },
    {
      "client_info": {
        "mobilesdk_app_id": "1:1070731654761:android:4fd88d0977af69a7c654f8",
        "android_client_info": {
          "package_name": "eu.ase.ro.seminar12"
        }
      },
      "oauth_client": [
        {
          "client_id": "1070731654761-ecbvr1q8056mem1oh8ndujqkvv9bbvj2.apps.googleusercontent.com",
          "client_type": 3
        }
      ],
      "api_key": [
        {
          "current_key": "AIzaSyBASE3DcnXgh8Ia060XH_n3BSZJ0x9JhX4"
        }
      ],
      "services": {
        "appinvite_service": {
          "other_platform_oauth_client": [
            {
              "client_id": "1070731654761-ecbvr1q8056mem1oh8ndujqkvv9bbvj2.apps.googleusercontent.com",
              "client_type": 3
            }
          ]
        }
      }
    }
  ],
  "configuration_version": "1"
}