{
  "project_info": {
    "project_number": "979243988615",
    "project_id": "dam-firebase-app",
    "storage_bucket": "dam-firebase-app.appspot.com"
  },
  "client": [
    {
      "client_info": {
        "mobilesdk_app_id": "1:979243988615:android:e72a9cb5157fc9d1b4ea22",
        "android_client_info": {
          "package_name": "eu.ase.ro.damappfirebase"
        }
      },
      "oauth_client": [
        {
          "client_id": "979243988615-dv0tlsbdd3sn0002ivfonifcj3tpgge4.apps.googleusercontent.com",
          "client_type": 3
        }
      ],
      "api_key": [
        {
          "current_key": "AIzaSyCYmdSOUwoKRN2jN8S_pd87LnIV7KJFbM4"
        }
      ],
      "services": {
        "appinvite_service": {
          "other_platform_oauth_client": [
            {
              "client_id": "979243988615-dv0tlsbdd3sn0002ivfonifcj3tpgge4.apps.googleusercontent.com",
              "client_type": 3
            }
          ]
        }
      }
    }
  ],
  "configuration_version": "1"
}